,scores,logFC,PValue,FDR
ETS1,26.217955,1.0593631,1.6588321053027268e-151,4.1470802632568164e-149
CXCR4,20.578241,0.586249,4.3000846240930625e-94,4.300084624093062e-92
ZAP70,18.769413,0.8813109,1.3436408103468753e-78,9.597434359620538e-77
CD3E,16.633825,0.8364709,3.964549997109318e-62,2.4778437481933235e-60
TRAC,13.231385,0.6179385,5.7811622740458104e-40,2.627801033657187e-38
ITK,12.892602,0.94292027,4.954376180702857e-38,1.905529300270329e-36
HLA-B,12.367231,0.42334235,3.931405473736825e-35,1.3104684912456084e-33
PTPRC,12.019243,0.82149243,2.8153722585965582e-33,8.280506642931053e-32
XBP1,11.572129,,5.704908681881162e-31,1.5846968560781008e-29
CD28,10.335505,0.858811,4.868422658276078e-25,1.2171056645690197e-23
CREBBP,9.8083315,1.0508856,1.0366803363027816e-22,2.2536529050060468e-21
TGFBR2,9.660965,0.7222706,4.416854083042341e-22,8.833708166084682e-21
HLA-C,9.611188,0.48319682,7.171652813069284e-22,1.3280838542720895e-20
ITGB1,9.049471,-0.8745336,1.436623680544923e-19,2.565399429544505e-18
CD4,8.991164,0.59409523,2.4462445438960235e-19,4.217663006717282e-18
STAT6,8.867994,0.93494314,7.447528316977048e-19,1.1965819199459357e-17
JAK1,8.743935,0.5596177,2.2513014049231535e-18,3.411062734732051e-17
IL6R,8.004718,0.92945886,1.1974124992684836e-15,1.6181249990114648e-14
KLF2,7.9264336,1.0637958,2.255293520628162e-15,2.967491474510739e-14
CD79A,7.47211,2.2418494,7.89189954395355e-14,9.624267736528719e-13
CD5,7.410715,0.47911966,1.2561996501753609e-13,1.4954757740182867e-12
TAPBP,7.397226,0.5571217,1.3905871235438754e-13,1.6169617715626461e-12
SELL,7.3746996,1.3597537,1.647158599789603e-13,1.871771136124549e-12
CD40LG,7.1841297,1.0137951,6.763659229144049e-13,7.515176921271166e-12
IRF3,6.875059,0.62863255,6.196414978918731e-12,6.591930828636948e-11
ICAM2,6.592096,0.7069967,4.336611098044741e-11,4.3366110980447406e-10
CD2,6.498274,0.39930472,8.124683855285446e-11,7.812196014697544e-10
MAML1,6.404433,0.8485019,1.5092926375860334e-10,1.4238609788547483e-09
MZB1,6.3332977,2.581854,2.399755779212988e-10,2.1815961629208974e-09
TRAT1,6.1288404,0.89931333,8.852188126726121e-10,7.903739398862609e-09
VSIR,5.8788023,0.69071615,4.132449753254363e-09,3.4437081277119695e-08
CDKN1B,5.8235636,0.44898665,5.760586193683698e-09,4.721791962035819e-08
PRKCA,5.66253,1.0155331,1.4915722265916303e-08,1.1652908020247113e-07
STAT5A,5.658016,0.45975184,1.531325830600599e-08,1.1779429466158454e-07
CD3D,5.5331354,0.39414066,3.145565702664345e-08,2.31291595784143e-07
ITGA4,4.993368,0.7095175,5.933531304536266e-07,4.120507850372408e-06
TNFRSF13C,4.704638,1.5247033,2.543164966558513e-06,1.630233952922124e-05
ICAM3,4.5654516,0.35945338,4.984198592036685e-06,3.1151241200229285e-05
STAT4,4.562723,0.58779174,5.049434021223202e-06,3.1169345810019765e-05
TRBC1,4.525762,0.51881117,6.017825100592687e-06,3.6135743429480864e-05
MYC,4.4416876,-1.8373197,8.92560699871734e-06,5.250357058069024e-05
ITGA5,4.3743587,0.6239494,1.2179006183515247e-05,6.999428841100716e-05
PPARD,4.2210937,1.9351764,2.4311998048697847e-05,0.0001307096669284
TAP2,4.198468,0.3082694,2.6872644353985404e-05,0.0001429395976275
IKBKB,4.0681877,0.546731,4.738023582428627e-05,0.0002417358970626
GATA3,3.9682024,0.35745117,7.24168280544835e-05,0.0003584991487845
AKT3,3.7009423,0.63671356,0.0002148003953452,0.0010132094120059
BRD4,3.0955818,,0.001964272065473,0.0085403133281436
PECAM1,3.0669277,,0.0021627124257376,0.0092423607937504
NFKB2,3.0564597,0.27112725,0.0022396755398925,0.0094901505927651
KLRB1,2.9604726,0.58393216,0.0030716736227635,0.0126928662097666
CCR4,2.9246225,0.20800653,0.0034487418587954,0.014134187945883
POU2AF1,2.8914402,10.390389,0.0038348070810049,0.0152174884166861
NFKB1,2.880276,0.68949926,0.0039732735232831,0.0156428091467842
AKT2,2.8501687,0.67982614,0.0043696048935098,0.0170687691152728
RELA,2.7906463,0.7667296,0.0052602929563169,0.0199253521072611
RORC,2.636957,0.390202,0.0083653440655237,0.0300911657033229
TGFB1,2.617322,0.2817533,0.0088622676318983,0.0316509558282085
STING1,2.5472493,0.30192372,0.010857581936414,0.0379635732042448
KLRG1,2.526644,0.6839887,0.0115158137142561,0.0397097024629521
CD27,2.5027416,0.3417653,0.0123235513054542,0.0422039428268981
EPHA4,2.342242,1.3225433,0.0191682838193826,0.062130232364479
MMRN1,2.3329124,1.0480704,0.0196527360097989,0.0629895384929452
GZMK,2.081241,0.67446375,0.0374118576013612,0.1132225336772626
ITGB2,2.0399923,0.12631282,0.0413510855374642,0.1223404897558113
ZEB1,2.0299451,0.43700728,0.0423621285694142,0.1245944957923947
LEF1,2.0273993,0.71343654,0.042621598936722,0.1246245582945088
BLK,1.9531096,1.4275063,0.0508066124474315,0.1435215040887897
FLT4,1.8984377,1.5282912,0.0576384497376142,0.1584829737239967
MS4A1,1.8133123,2.1219175,0.0697836645428895,0.1906657501171845
CXCR5,1.7894757,0.81033474,0.0735382385633619,0.1998321700091358
STAT1,1.6915041,0.66723424,0.0907405558616411,0.2426218071166876
MMP9,1.677796,0.6704307,0.0933869184709283,0.2467729959188234
GPX3,1.6758186,-1.8441539,0.0937737384491529,0.2467729959188234
SELPLG,1.6139286,0.23120074,0.1065429202773689,0.2745951553540437
CD3G,1.6058403,0.383437,0.1083089966462561,0.2777153760160412
NLRC5,1.5954144,0.4716085,0.1106196102996171,0.2821928834173906
FCRL5,1.5293931,-1.0808111,0.126167037925584,0.3138483530487165
TAP1,1.4665054,0.33501428,0.142510645612487,0.3493005311205448
BMI1,1.459189,1.1006771,0.1445130878709714,0.3524709460267596
HDAC3,1.4392269,0.9188602,0.1500862547340127,0.3642870260534289
SELP,1.4029633,0.42906988,0.1606277868719313,0.3837551738939721
BST2,1.2978282,0.27269027,0.1943463773600255,0.4416963121818763
PIK3CG,1.123169,0.25720912,0.2613657302936778,0.5706483580475905
ATM,1.1205109,0.6677818,0.2624960838005587,0.5706483580475905
IFNAR2,1.0830315,0.35388198,0.2787944083345974,0.5881738572459863
CYBB,1.0177903,2.6289485,0.3087775945215539,0.6250558593553723
CXCL12,0.9773885,1.2872484,0.3283768670023174,0.6541371852635806
RAF1,0.9457763,0.90394115,0.3442627062288123,0.6723880981031491
TSC1,0.9112879,0.66101754,0.362143707099947,0.6911139448472271
HLA-DRA,0.903695,,0.3661571652877981,0.6961162838171067
IL3RA,0.87248486,,0.382943914930878,0.7169457334346518
CD79B,0.8674111,0.42248994,0.3857168045878427,0.7169457334346518
PROX1,0.8165553,-0.598247,0.4141825983920284,0.7461188262728958
HLA-DPB1,0.8154023,0.3242901,0.4148420674077301,0.7461188262728958
PTEN,0.7852786,1.1330869,0.4322902234557459,0.7644882617925357
EOMES,0.7836271,0.3525788,0.4332589421350007,0.7644882617925357
CCL2,0.78262633,0.8174645,0.433846587241335,0.7644882617925357
CD274,0.77677053,0.38354412,0.4372941657107385,0.7644882617925357
LYZ,0.7373986,,0.4608799722272199,0.7942158308803469
PIK3CA,0.7299668,-8.373841,0.4654104768958833,0.7942158308803469
BRAF,0.7221018,,0.4702318869711229,0.7970031982561406
DUSP6,0.71879876,0.6198764,0.4722649119416709,0.797744783685255
CCR2,0.6904395,0.10075075,0.4899178373795881,0.8138170056139338
TP53,0.6402852,0.34874716,0.5219872117182189,0.8403050033268135
SOD2,0.6398755,-0.160636,0.5222535591332262,0.8403050033268135
CR2,0.6064646,,0.5442062651720593,0.8610858626140179
ATR,0.59629613,2.1231272,0.5509774129372393,0.8663166870082379
VEGFB,0.5752685,,0.565109733591057,0.882399541538031
CD19,0.573213,,0.5665005056674159,0.882399541538031
SMAD2,0.53419113,-0.55323493,0.5932092914470787,0.9084023447345368
PROK2,0.52323747,0.4691634,0.6008089948354464,0.9084023447345368
CD22,0.5217674,0.42723343,0.6018323163554721,0.9084023447345368
AXIN2,0.517513,0.259307,0.6047980984629582,0.9084023447345368
FZD7,0.5025663,0.887108,0.6152692475515171,0.9183123097783836
CDH5,0.46736312,,0.6402401113880957,0.941529575570729
NF1,0.45776224,0.49247846,0.6471232617368682,0.9488610875907157
PDK1,0.43672636,-0.11511401,0.6623098170417323,0.9506941704873956
BCL2,0.4295501,0.11118464,0.6675229270731967,0.9506941704873956
IFNGR1,0.42866158,-0.18866973,0.6681695278375986,0.9506941704873956
DNMT1,0.42114857,0.35879007,0.6736465941430418,0.9506941704873956
STAP1,0.4198275,2.2913628,0.6746114828178721,0.9506941704873956
TCF7L2,0.41930553,-0.73448944,0.6749928610460509,0.9506941704873956
CD226,0.3741305,0.25644705,0.7083072447775765,0.970154634446055
CSF2,0.3735286,1.0341128,0.7087550632549872,0.970154634446055
CXCL11,0.369377,0.67663455,0.7118467549400264,0.970154634446055
HLA-DQA1,0.34732315,0.49489552,0.7283485574483045,0.97802776471848
TMEM59,0.34392878,3.0596347,0.730899836150368,0.97802776471848
CXCL9,0.3202577,0.35272872,0.7487729839974004,0.9836746259404876
IRS1,0.31604964,-0.2196339,0.7519648336218855,0.9836746259404876
LGR6,0.28936917,0.6905827,0.7722988947384207,0.9836746259404876
IL23A,0.28755465,0.26504242,0.7736876660340908,0.9836746259404876
FCER2,0.2791106,0.25835192,0.780159944043958,0.9836746259404876
CASP8,0.2758748,0.39245218,0.7826442282172975,0.9836746259404876
CMKLR1,0.2665378,0.3122325,0.7898250700642733,0.9836746259404876
CLDN5,0.2612896,1.4577616,0.7938691985827268,0.9836746259404876
MLH1,0.2533732,0.49388215,0.7999798225228549,0.9836746259404876
APC,0.25003847,0.69658667,0.8025575954468477,0.9836746259404876
ENG,0.24849921,0.07272979,0.803748176893043,0.9836746259404876
HDAC1,0.24644053,-0.116119534,0.8053412359082992,0.9836746259404876
IDO1,0.24263392,-0.18149473,0.808288998367395,0.9836746259404876
TNFRSF13B,0.22647075,0.6047125,0.8208352983381539,0.9836746259404876
MYH11,0.22248974,0.86781937,0.8239326556960433,0.9836746259404876
TNFRSF17,0.21798106,0.29997873,0.8274438716657714,0.9836746259404876
CEACAM8,0.21121073,1.8487145,0.832722838910519,0.9836746259404876
TGM2,0.20724684,0.7901087,0.8358170901103382,0.9836746259404876
CXCL10,0.20483807,0.8577625,0.8376986498430052,0.9836746259404876
SNAI1,0.19798592,0.39464855,0.8430560810438663,0.9836746259404876
CTSG,0.19055663,1.5461516,0.8488729682400875,0.9836746259404876
IFNAR1,0.1564862,-0.28609592,0.8756498009940403,0.9836746259404876
CSF3,0.15423977,0.12882589,0.8774206798425341,0.9836746259404876
ROR1,0.14689992,0.094189964,0.8832110163456782,0.9836746259404876
FGFR1,0.14430912,-0.19562535,0.8852563778713132,0.9836746259404876
PTGDR2,0.1408488,0.13847788,0.8879893904086108,0.9836746259404876
VEGFC,0.13916938,0.19511181,0.8893163054001897,0.9836746259404876
IDO2,0.12937889,0.5007126,0.8970578557764795,0.9836746259404876
MSH2,0.12605049,1.3271946,0.8996919635526809,0.9836746259404876
TNFSF9,0.12378504,0.2820817,0.9014854772790052,0.9836746259404876
FGF1,0.12374064,0.16680524,0.9015206295794924,0.9836746259404876
CCL8,0.1216604,0.5691855,0.9031679812965104,0.9836746259404876
XCL1,0.1195218,0.27578616,0.904861973830156,0.9836746259404876
CCL17,0.11794892,0.12519254,0.9061081288893348,0.9836746259404876
TCL1A,0.1069997,,0.9147892152997306,0.9836746259404876
HGF,0.09054543,0.116966285,0.9278537937195108,0.9836746259404876
TLR1,0.088524796,-0.75773704,0.929459576283858,0.9836746259404876
IL13,0.08220731,0.14480664,0.9344818641411528,0.9836746259404876
CD68,0.07862141,0.2402415,0.9373337570000614,0.9836746259404876
CSF1R,0.076080084,0.61530906,0.9393553876488226,0.9836746259404876
CCR10,0.07418439,0.19776003,0.9408636673798922,0.9836746259404876
RB1,0.07234641,-0.8150348,0.9423262301761705,0.9836746259404876
IGF1,0.07166272,-0.30042538,0.942870325166248,0.9836746259404876
TGFBR3,0.06926599,2.7472496,0.9447778948516884,0.9836746259404876
WNT3A,0.067360155,0.20878574,0.9462949901547492,0.9836746259404876
CLEC4C,0.049305104,0.41296345,0.9606761529018272,0.9863204855254898
MSH6,0.03853283,-0.21512637,0.969262855356477,0.9887182161581152
IGF1R,0.03570737,-0.069488406,0.9715156944050936,0.9887182161581152
FAP,0.03265232,0.13817132,0.9739518476364394,0.9887182161581152
RET,0.030663397,0.053786967,0.9755379826853554,0.9887182161581152
CCR6,0.017579384,-0.06959811,0.9859744038141584,0.991925959571588
CCL11,0.011093822,0.1831354,0.9911485918093662,0.9951291082423356
MUC2,-0.00081687875,0.10841386,0.9993482251124418,0.9993482251124418
PDGFB,-0.0021087902,0.52578807,0.9983174300186858,0.9993482251124418
CLEC14A,-0.017911082,-0.13797317,0.9857097884130536,0.991925959571588
CXCL5,-0.019677391,-0.6619165,0.9843007259348842,0.991925959571588
MMRN2,-0.029013783,-0.23482423,0.976853597564218,0.9887182161581152
VCAM1,-0.029221175,0.19081867,0.976688193774016,0.9887182161581152
BTLA,-0.03158302,0.78680974,0.9748045851349711,0.9887182161581152
EPHB4,-0.05025707,-0.11286449,0.95991753277683,0.9863204855254898
HLA-DPA1,-0.051660605,0.016117502,0.9587991272659308,0.9863204855254898
KDR,-0.058614224,-0.24846691,0.9532593818549244,0.9847720886931036
CCL7,-0.05928523,0.10735744,0.9527249247358752,0.9847720886931036
IL6,-0.06431969,0.25591907,0.9487156756129124,0.9841448917146394
CA7,-0.072040714,1.1694851,0.9425695049588037,0.9836746259404876
TGFB2,-0.07602871,0.20871021,0.9393962582277056,0.9836746259404876
IL12A,-0.08257198,0.12834805,0.9341918790676697,0.9836746259404876
IFNB1,-0.094411016,0.28453812,0.9247826640112872,0.9836746259404876
CD1E,-0.09495898,0.34013686,0.92434740400245,0.9836746259404876
SRPRB,-0.09683248,-0.4125932,0.9228594299687564,0.9836746259404876
DES,-0.101991884,0.29299715,0.9187631194542903,0.9836746259404876
NOS3,-0.10238066,-0.15226388,0.9184545344471848,0.9836746259404876
CCL22,-0.107359305,0.20072012,0.9145039359092318,0.9836746259404876
ANGPT1,-0.111511566,0.12117665,0.911210696824056,0.9836746259404876
CD86,-0.115965076,0.30231068,0.907680221545025,0.9836746259404876
COL6A3,-0.11930806,-0.19334544,0.9050312965380484,0.9836746259404876
KRAS,-0.12022515,,0.9043047970409988,0.9836746259404876
EGF,-0.12301065,-0.10842293,0.902098661477406,0.9836746259404876
TBX10,-0.123530716,0.098597646,0.9016868523575674,0.9836746259404876
PMS2,-0.12488732,0.1473806,0.900612757990846,0.9836746259404876
FCER1A,-0.12714452,0.19885106,0.8988260178052758,0.9836746259404876
PGLYRP1,-0.12961735,-0.40673974,0.8968691747870718,0.9836746259404876
IFITM1,-0.13136019,0.32907206,0.8954903755085764,0.9836746259404876
PDCD1LG2,-0.13260707,-0.026427373,0.8945041354033744,0.9836746259404876
MARCO,-0.1351947,-0.13387385,0.8924579333202591,0.9836746259404876
CSF2RA,-0.13954167,-0.10385184,0.8890221323278187,0.9836746259404876
CD80,-0.14029196,-0.006045522,0.8884293223375537,0.9836746259404876
THBD,-0.14114879,-0.030122422,0.8877524026478892,0.9836746259404876
CD83,-0.15129444,0.24739538,0.8797434494219658,0.9836746259404876
CCL1,-0.1556414,-0.16579022,0.8763156828820007,0.9836746259404876
PPARGC1A,-0.16370112,0.05694025,0.8699664432320848,0.9836746259404876
IL21,-0.17004842,1.104833,0.8649720646781489,0.9836746259404876
IFNG,-0.17132384,-0.19552943,0.863969141803565,0.9836746259404876
KLRF1,-0.18017885,-0.16257612,0.8570121625642403,0.9836746259404876
AMOTL2,-0.18112195,0.008075931,0.8562718651100105,0.9836746259404876
TLR9,-0.18120185,0.28058377,0.856209142277696,0.9836746259404876
SMARCA4,-0.18320028,-0.380131,0.8546408700371448,0.9836746259404876
NCR3,-0.18983869,-0.11164166,0.8494355334773283,0.9836746259404876
IRF4,-0.1916995,0.14322971,0.8479775948215038,0.9836746259404876
MSH3,-0.19253287,0.03243195,0.8473248212625833,0.9836746259404876
PKIB,-0.19920045,0.29603973,0.8421059435941408,0.9836746259404876
ARG1,-0.21178597,0.08268739,0.8322740152360253,0.9836746259404876
KIR3DL2,-0.21367088,-1.2857317,0.8308037221830206,0.9836746259404876
IKZF4,-0.22753309,-0.21928483,0.8200092470153116,0.9836746259404876
VTN,-0.2325574,-5.168,0.8161051140005284,0.9836746259404876
DKK1,-0.23328549,-0.1419,0.8155397307617014,0.9836746259404876
PDK4,-0.2357285,0.3728883,0.8136433467221473,0.9836746259404876
ROS1,-0.23991375,-0.15978074,0.8103971261062947,0.9836746259404876
DERL3,-0.25166208,0.8299383,0.8013022664756085,0.9836746259404876
CD1B,-0.253306,-4.148597,0.8000317683847646,0.9836746259404876
CD207,-0.2565329,-0.057858933,0.7975393688890486,0.9836746259404876
SH2D1B,-0.26471692,-0.23504393,0.791227539787822,0.9836746259404876
MPO,-0.27043444,-0.8370972,0.7868260474029811,0.9836746259404876
CD1C,-0.2725743,-0.41192085,0.7851804640597743,0.9836746259404876
IL17A,-0.27867872,0.5641211,0.7804914098408723,0.9836746259404876
MSR1,-0.28288233,-3.9336066,0.7772670416697136,0.9836746259404876
BRCA1,-0.28745,-0.29363358,0.7737677815965438,0.9836746259404876
IL1B,-0.29245022,0.34211916,0.7699424224946536,0.9836746259404876
TSC2,-0.30130333,-0.42873192,0.7631832057421085,0.9836746259404876
FGF2,-0.30911,,0.7572378742246406,0.9836746259404876
PRTN3,-0.31164813,0.6833663,0.7553079517021699,0.9836746259404876
IL4,-0.32270643,-3.2916167,0.7469175770047773,0.9836746259404876
PAX5,-0.33000952,0.18018448,0.7413927760160847,0.9806782751535512
BUB1,-0.33265167,-0.100742914,0.7393972263299808,0.9806329261670832
CDK2,-0.33784914,,0.735476879068297,0.97802776471848
KIR2DL4,-0.33865586,-0.6442109,0.7348689903812843,0.97802776471848
ESCO2,-0.34280622,-2.2110093,0.7317442456777188,0.97802776471848
VWF,-0.3447869,0.09607128,0.7302545835424775,0.97802776471848
SLC26A3,-0.34935647,,0.7268217070775856,0.97802776471848
CCNE1,-0.3499831,,0.7263513925639647,0.97802776471848
IL12B,-0.3643235,-0.23307712,0.7156164589788223,0.9723049714386172
TEK,-0.3690459,0.21162704,0.7120935016834044,0.970154634446055
MMP1,-0.37778488,,0.7055904154408678,0.970154634446055
TLR2,-0.38314024,0.37089288,0.7016157814268155,0.9690825710315132
CCL28,-0.3851983,0.3366845,0.7000905050446657,0.9690825710315132
IL22,-0.3869164,-1.6803081,0.6988180950173479,0.9690825710315132
KLRC1,-0.39097288,-0.05964483,0.6958172717153436,0.9690825710315132
CD209,-0.39669675,-0.48451433,0.6915910944740357,0.9659093498240724
MRC1,-0.40306562,-1.1636039,0.6868999534625364,0.9620447527486504
NCAM1,-0.40914655,-0.7794972,0.6824321209348085,0.9584720799646188
CD160,-0.42103377,0.3064859,0.6737304158145362,0.9506941704873956
BAK1,-0.42491713,0.18336181,0.6708970906761416,0.9506941704873956
PREX2,-0.43715826,-0.28898963,0.6619965811814051,0.9506941704873956
TGFBR1,-0.43939325,0.1846595,0.6603766119387159,0.9506941704873956
IL5RA,-0.44161305,-0.57889855,0.6587692492818256,0.9506941704873956
CLCA1,-0.44333938,-2.0574358,0.6575202687458929,0.9506941704873956
SLC13A3,-0.44363177,,0.6573088349868303,0.9506941704873956
SMOC2,-0.4497742,-1.202703,0.6528732535883786,0.9506941704873956
KIT,-0.47121412,0.2412412,0.6374878439328105,0.9402475574230243
MMP2,-0.48698342,-0.07359781,0.6262700796320381,0.9264350290414765
CD163,-0.49135005,-0.17755722,0.6231788902691971,0.9245977600433192
CIITA,-0.4958137,0.25983933,0.620025855776133,0.9226575234763882
LGR5,-0.51238465,0.054473042,0.6083818159186183,0.9107512214350572
ANGPT2,-0.5172295,0.26682633,0.6049959615932016,0.9084023447345368
DIABLO,-0.5184688,-0.08659861,0.6041312436601324,0.9084023447345368
DDIT3,-0.52431506,-0.012678694,0.6000594413007531,0.9084023447345368
SIGLEC1,-0.52622277,0.39651743,0.5987334305134488,0.9084023447345368
CXCR1,-0.54686797,0.43053806,0.5844694269338002,0.899183733744308
MTOR,-0.54787326,-0.64758754,0.58377894776454,0.899183733744308
CCL5,-0.5585941,-0.049502127,0.576438743697759,0.8923200366838376
ELANE,-0.5630832,0.37782812,0.5733782560853304,0.8903389069647987
ADAMTS4,-0.58435374,0.59723914,0.5589823553532917,0.8761478924032786
CHEK1,-0.60298973,0.2234294,0.546515527762734,0.8620118734427981
SMO,-0.62689865,0.20573938,0.5307256750593587,0.8424217064434266
FOSL1,-0.63137877,0.13131578,0.5277928778816047,0.8404345189197528
FGFBP2,-0.6316953,-0.5760743,0.5275860183392628,0.8404345189197528
MUC4,-0.63660926,-0.08557067,0.5243794123671712,0.8403516223832872
FLI1,-0.63923556,-0.831909,0.522669712069278,0.8403050033268135
CCL3,-0.6419817,-0.8219878,0.5208850464199588,0.8403050033268135
FABP2,-0.6462234,-3.0268915,0.518134680898856,0.8403050033268135
FLT1,-0.6536305,-0.107508585,0.5133498917584431,0.8388070126771947
CCR3,-0.65776056,0.45791492,0.5106920050006478,0.8372000081977832
IRF5,-0.6634755,-0.91044295,0.5070260435701294,0.8339244137666603
XCR1,-0.670941,-0.28406405,0.5022581356964742,0.8288088047796603
ITGAM,-0.6754706,-0.0672224,0.4993768321438623,0.8267828346752686
FBLN1,-0.69446176,-0.039529625,0.4873926801500194,0.8123211335833657
ARAF,-0.6984529,-0.010184814,0.4848939951397894,0.8108595236451329
HLA-DMA,-0.70172423,-0.0059333495,0.4828511569365839,0.8101529478801744
MFAP5,-0.71614456,-0.7890564,0.4739020951492008,0.7978149749986547
IL1R2,-0.72445035,1.542927,0.4687893079516654,0.7970031982561406
CX3CR1,-0.7312092,-1.2170211,0.4646513542143125,0.7942158308803469
CCL26,-0.73471904,,0.4625106263990999,0.7942158308803469
ICOSLG,-0.76098853,0.778435,0.4466639151758864,0.7727749397506686
CXCL2,-0.7638825,0.2166615,0.4449372711731539,0.7724605402311701
TNFSF4,-0.7741937,-0.13302894,0.4388162622689154,0.7644882617925357
TBX21,-0.7774022,-0.05667503,0.436921504741453,0.7644882617925357
AURKB,-0.7780745,-1.4638072,0.436525098658649,0.7644882617925357
CAV1,-0.7881662,0.18681642,0.4305994711680055,0.7644882617925357
FFAR2,-0.792595,0.79463387,0.4280138106690291,0.7644882617925357
CXCR2,-0.8162896,0.8796078,0.4143345332030581,0.7461188262728958
FASLG,-0.8231963,-0.28371918,0.4103963933281019,0.7461188262728958
PDGFC,-0.8251528,,0.4092848235814454,0.7461188262728958
CCNB1,-0.8263369,0.23938732,0.4086129875849597,0.7461188262728958
PLA2G2A,-0.8413154,-0.2751573,0.4001712821051544,0.7356089744580043
MAP2K1,-0.84430254,-0.032418337,0.3985003564336899,0.7352405100252583
NEDD4,-0.8487148,1.1240224,0.3960399831798728,0.7334073762590237
NOS2,-0.86808467,0.12549248,0.3853479990680395,0.7169457334346518
CD8B,-0.8682483,-0.40606385,0.3852584347924556,0.7169457334346518
WNT3,-0.86971015,0.32248205,0.3844588225274864,0.7169457334346518
PDGFA,-0.89209884,,0.3723399531908863,0.7051893052857695
CXCL16,-0.9125893,1.4367154,0.3614585777637819,0.6911139448472271
LRP6,-0.9261109,0.263507,0.3543883299122014,0.6815160190619259
ACKR3,-0.9271022,0.020388028,0.3538734591682043,0.6815160190619259
PDGFRA,-0.93382627,0.017689196,0.3503935228354067,0.6790572147972997
SHARPIN,-0.93413574,-0.55513126,0.3502338688972027,0.6790572147972997
NFKBIA,-0.95042574,0.02288439,0.3418959566968328,0.6703842288173191
TREM2,-0.9520697,1.8887643,0.3410616489146757,0.6703842288173191
CHEK2,-0.9606482,0.023294145,0.3367291012318551,0.6654725320787651
TEAD1,-0.96565855,0.045245428,0.3342150790294533,0.6631251568044709
IL10,-0.98077965,-0.42171788,0.3267014094857826,0.6534028189715652
EPHB3,-0.99431014,0.112129256,0.3200718867392664,0.642714632006559
ITGA1,-1.0126829,-0.16482902,0.3112116174844633,0.627442777186418
NRP1,-1.0200989,0.86736864,0.3076815442692244,0.6250558593553723
RGMB,-1.0259624,0.04047021,0.3049093461645132,0.6222639717643128
TNF,-1.0347241,-0.6240059,0.3007977758326274,0.616388884902925
COL11A1,-1.037878,-1.3927374,0.2993268135963539,0.6158987934081356
FCGR2A,-1.0426513,,0.2971098424464713,0.6138633108398168
CEACAM1,-1.0492878,,0.2940456982690645,0.6100533159109223
DNMT3A,-1.0677754,-0.38015392,0.2856218602541931,0.5950455421962357
LOX,-1.0736547,0.22819787,0.282977519589035,0.5920031790565587
CD40,-1.0749034,-0.005892708,0.2824179897476988,0.5920031790565587
TGFB3,-1.0868717,-0.12561125,0.2770934737595642,0.5870624444058565
TBK1,-1.0879633,-1.8113898,0.2766113138638877,0.5870624444058565
ASCL2,-1.0884529,1.0068743,0.2763952142320821,0.5870624444058565
ITGAX,-1.0963389,0.3549314,0.2729305205394988,0.5856878123165211
TNFSF10,-1.1091381,-0.0171874,0.2673706188231699,0.5762297819464868
SOX9,-1.10966,0.11961184,0.2671455454383699,0.5762297819464868
INSR,-1.1205059,0.08193167,0.2624982447018916,0.5706483580475905
IL12RB2,-1.1544622,-0.7246561,0.2483107398289414,0.5469399555703556
SPRY2,-1.1627337,0.14429358,0.2449375637749016,0.5418972649887203
CDK6,-1.174468,-1.1001941,0.240207586732045,0.5337946371823222
TWIST1,-1.1804197,0.24386603,0.237833356906171,0.5308780288084175
KLRK1,-1.1840271,-0.18678778,0.2364023385748776,0.5300500864907571
TBX3,-1.2223595,0.27791688,0.2215717043068442,0.49903537006046
CD177,-1.2533115,-2.9667966,0.2100923732541649,0.4753221114347623
CX3CL1,-1.301799,0.13018918,0.1929850828780566,0.4406052120503575
HLA-DRB1,-1.3095582,-1.3224521,0.1903453549376248,0.4365719149945523
MMP7,-1.3170882,0.3572042,0.1878090376474447,0.4327397180816698
EPHA2,-1.3370479,0.026047817,0.1812070041013247,0.4194606576419553
ICOS,-1.3400763,-0.32028723,0.1802205382091528,0.4191175307189601
CD70,-1.3491204,-1.3000053,0.1772983220178961,0.4142484159296639
MYBL2,-1.3523746,0.5721175,0.1762555369514168,0.4137453919047343
PTGS2,-1.3619373,0.060660128,0.173217664924562,0.4085322285956651
EPCAM,-1.3889774,0.14834177,0.1648396195500786,0.3906152122039778
CTSW,-1.4011234,-0.19266587,0.1611771730354683,0.3837551738939721
TMEM37,-1.4101459,0.19941387,0.1584966185586359,0.3810014869197979
MCM6,-1.4283011,0.028463034,0.1532052066450464,0.3700608856160542
PLOD2,-1.4664909,0.11563075,0.1425146166971822,0.3493005311205448
LGALS9,-1.5016527,0.08565903,0.1331868071067942,0.3296703146207777
NOTCH1,-1.5602276,-0.11835198,0.1187060884567191,0.2967652211417978
EZH2,-1.5691645,-0.34272826,0.1166096128889319,0.292988977107869
AURKA,-1.5802298,0.512824,0.1140542527811511,0.2880157898513917
CXCR3,-1.5866729,-0.18488583,0.1125867575544081,0.2857531917624572
DUSP1,-1.6319361,1.0006987,0.1026929574019421,0.2660439310931144
TEAD4,-1.6392245,0.37286913,0.1011665042646534,0.2634544381892016
PLK1,-1.6599764,0.30918026,0.0969192188415331,0.2537152325694584
MKI67,-1.6842854,1.3412577,0.0921265202519684,0.2450173410956607
E2F1,-1.7255796,1.9023783,0.0844230604189457,0.2269437108036176
CTNNB1,-1.7811097,0.44203085,0.0748945375089086,0.2024176689429963
IL2RA,-1.8980628,-0.25408122,0.0576878024355348,0.1584829737239967
CDCA7,-1.9148906,0.6760317,0.0555064459367741,0.1541845720465948
PLVAP,-1.9331608,0.3755036,0.0532163998026419,0.1486491614598936
GNLY,-1.9429722,-0.67734426,0.0520195219460782,0.1461222526575231
C1QC,-1.9701245,-0.43343467,0.048824103456401,0.1387048393647756
CCL4,-1.9715261,-0.66292036,0.0486637267831551,0.1387048393647756
WNT5A,-1.9763157,0.15366009,0.0481190231015607,0.1382730548895424
NCR1,-1.9801922,,0.0476819413653975,0.1378090790907443
CXCL8,-2.0090697,0.23315302,0.0445297554301394,0.1294469634597076
CD244,-2.0492952,-2.5274808,0.0404332626978652,0.1203370913626942
FGFR2,-2.0665436,0.20954838,0.038777192399795,0.1160993784425
MMP11,-2.079299,,0.0375898811808511,0.1132225336772626
LRP5,-2.1094835,0.12529926,0.0349028676527914,0.1064111818682666
MAFB,-2.115033,0.36950448,0.0344271381440724,0.105604718233351
IFNGR2,-2.1571808,0.032385606,0.0309915750771631,0.0956530094974169
LAMP3,-2.2277007,0.14418635,0.0259004795145101,0.0804362717841929
IL4I1,-2.2371569,-1.961106,0.0252760824883383,0.0789877577760574
PDPN,-2.281517,0.08347989,0.0225178695146896,0.0708109104235522
TGFBI,-2.310574,1.8705106,0.0208563994371624,0.0660012640416532
MMP12,-2.3205528,1.1233771,0.0203109915622027,0.0646846865038302
CA9,-2.340453,0.048108924,0.0192603720329885,0.062130232364479
ERBB3,-2.3407128,0.22341518,0.0192469640989756,0.062130232364479
CCR1,-2.390463,,0.0168271366270809,0.0553524231153979
IKZF2,-2.3908367,-0.37266883,0.016810026405164,0.0553524231153979
ATF3,-2.3983135,0.11278575,0.0164707579986964,0.0549025266623215
PRF1,-2.4517145,-0.57580924,0.0142177421244514,0.0477105440417832
SRC,-2.4676266,0.14215717,0.0136012151875962,0.0459500513094468
CCND1,-2.493104,0.36109596,0.0126631798003662,0.0430720401373003
AKT1,-2.5305705,0.3008161,0.0113877175462375,0.0395406859244359
BAX,-2.5738316,-0.50582117,0.0100579235116502,0.0354152236325713
CTLA4,-2.5781994,-0.18339787,0.0099316663341818,0.0352186749439071
BIRC5,-2.6489692,0.24075218,0.0080737700427159,0.0292527900098404
KITLG,-2.6744738,0.30834705,0.0074846628047596,0.0273162876086119
ERBB2,-2.6865633,0.1632132,0.0072191260309237,0.0265409045254548
CD14,-2.7279913,,0.0063721270632477,0.0236004706046214
LAG3,-2.7409434,-0.7128836,0.0061263043358883,0.0228593445368968
NRAS,-2.7801366,0.11975619,0.0054336046009444,0.0204270849659566
PCNA,-2.792091,0.30346864,0.0052368624756318,0.0199253521072611
ELN,-2.8096545,-3.4019432,0.0049594703199182,0.0190748858458395
MET,-2.8220935,0.1076059,0.0047711258260119,0.0184927357597361
CDK4,-2.893334,0.17502917,0.0038117587511875,0.0152174884166861
CCR5,-2.9001575,-0.8956051,0.0037297522990757,0.0150393237865958
PDCD1,-2.9066164,-0.3547674,0.0036536094133994,0.0148520707861766
NFE2L2,-2.9645572,0.046404682,0.003031190083051,0.0126299586793795
SERPINE1,-3.0355234,0.24682891,0.0024011857541203,0.010089015773615
FOXM1,-3.0759501,0.21138781,0.002098330018738,0.0090445259428362
SNAI2,-3.1035876,0.22672372,0.0019118965241639,0.0083855110708943
PTK2,-3.1420152,0.07461653,0.0016778937698645,0.0074243087162146
HRAS,-3.1540604,0.13677564,0.0016101583127958,0.0071882067535529
CSF3R,-3.3037026,0.29519644,0.0009541700855592,0.0042980634484652
BMP1,-3.5016694,-1.9852327,0.0004623528469888,0.0021016038499495
ZBED2,-3.5448182,-2.0876822,0.0003928840292774,0.0018022203177862
TIGIT,-3.5659714,0.014481993,0.0003625109256082,0.0016782913222603
EGR1,-3.5664966,0.61174214,0.0003617856079555,0.0016782913222603
TNC,-3.7930334,0.25150126,0.0001488182249668,0.0007086582141277
HIF1A,-3.794944,0.066009946,0.0001476766921949,0.0007086582141277
STAT3,-3.8591046,,0.0001138031980877,0.0005524427091637
SOX2,-3.9482358,0.083481275,7.872924858239006e-05,0.0003859276891293
GZMA,-4.0448165,-0.55761784,5.236413098408574e-05,0.0002618206549204
ICAM1,-4.0466747,0.30303895,5.19503487179392e-05,0.0002618206549204
PDGFRB,-4.1023784,,4.089245834981868e-05,0.0002107858677825
NKG7,-4.1029944,-0.8979497,4.078372294130717e-05,0.0002107858677825
CDKN1A,-4.1092663,0.14307158,3.9691838650930165e-05,0.0002089044139522
CD248,-4.259628,,2.047677091128232e-05,0.0001112867984308
MCM2,-4.260194,0.16806275,2.042495095729151e-05,0.0001112867984308
LRP1,-4.3135076,0.90511197,1.6068474072808068e-05,8.926930040448926e-05
LMNA,-4.334362,0.28011447,1.461834986385086e-05,8.212556103287e-05
WWTR1,-4.3431325,0.2951616,1.4046529412610992e-05,7.9809826208017e-05
GZMB,-4.4231377,-2.1006327,9.72776138743495e-06,5.6556752252528795e-05
MUC1,-4.523908,0.18766692,6.070804896152786e-06,3.6135743429480864e-05
SOCS3,-4.541438,0.7513859,5.587177372685663e-06,3.4068154711497946e-05
LAMC2,-4.6164913,0.11935334,3.902821130654128e-06,2.470139956110208e-05
LAMB3,-4.732526,0.0662786,2.2174327863381917e-06,1.4398914197001243e-05
LDHA,-4.7941537,0.16134162,1.633629985523315e-06,1.0747565694232333e-05
GZMH,-4.865999,-1.4917487,1.1388005286471243e-06,7.592003524314163e-06
TNFRSF4,-4.943372,-0.84139675,7.67828898535268e-07,5.18803309821127e-06
CD8A,-4.946208,-0.760405,7.567312368643415e-07,5.1830906634543935e-06
CXCL1,-5.0283933,0.14289637,4.946072567068808e-07,3.4831496951188795e-06
COL4A1,-5.289726,1.4604578,1.2249989485237985e-07,8.749992489455703e-07
CCR8,-5.475914,-1.250561,4.352593812363754e-08,3.154053487220111e-07
FCGR3A,-5.5717974,1.0319599,2.5212430367571548e-08,1.8815246542963843e-07
CD276,-5.6518836,0.17724855,1.5869925326123227e-08,1.2022670701608505e-07
IDH1,-5.757473,0.21257246,8.538231580711766e-09,6.776374270406165e-08
SFRP2,-5.8107915,-0.5070376,6.2178100430991734e-09,5.0143629379832046e-08
HAVCR2,-5.913013,-1.2470253,3.3590536996625718e-09,2.8466556776801455e-08
CDH1,-6.0326457,0.05994724,1.6129657663084022e-09,1.3904877295762089e-08
CSF1,-6.0588512,-1.0966921,1.3709699662346304e-09,1.2026052335391495e-08
EGFR,-6.3391004,0.055996694,2.3111059580759918e-10,2.1399129241444368e-09
TNFRSF9,-6.506371,-2.0577161,7.698799472908945e-11,7.547842620498966e-10
YAP1,-6.7593484,0.101084806,1.3861372777878772e-11,1.414425793661099e-10
TNFRSF18,-6.8628445,-1.276823,6.7502628785721334e-12,7.031523831845971e-11
FGFR3,-7.084087,0.06490529,1.3996409439029652e-12,1.5213488520684406e-11
PGF,-7.521734,0.08189299,5.4054429324122055e-14,6.756803665515257e-13
CEBPB,-7.5929036,0.48523828,3.12815743028507e-14,4.010458243955218e-13
TP63,-8.005671,0.074453905,1.1881726184800428e-15,1.6181249990114648e-14
NDUFA4L2,-8.473222,0.09315238,2.386966518048985e-17,3.409952168641407e-16
FOS,-8.61027,0.16081882,7.288903628556043e-18,1.0718975924347119e-16
FOXP3,-8.864887,-1.061345,7.658124287653988e-19,1.1965819199459357e-17
SPP1,-8.909271,3.6196902,5.136911572694358e-19,8.56151928782393e-18
JUNB,-9.624892,0.305484,6.277251389671747e-22,1.2071637287830281e-20
CXCR6,-9.702013,-0.893381,2.956068937973091e-22,6.158476954110606e-21
COL5A1,-9.889647,-1.4604602,4.6165350888988584e-23,1.0492125202042863e-21
IL2RB,-10.018721,-0.7586865,1.2612488283676937e-23,3.002973400875461e-22
BCL2L1,-10.53932,0.56413716,5.690861857352349e-26,1.4975952256190391e-24
JUN,-12.197427,0.16064924,3.2080112657139837e-34,1.00250352053562e-32
FN1,-12.408463,-2.0192819,2.3512560581370903e-35,8.397343064775323e-34
ACTA2,-12.957417,-1.4061531,2.1331258411834288e-38,8.888024338264286e-37
SERPINA1,-14.672566,0.34713387,9.662008117526346e-49,4.831004058763172e-47
VEGFA,-15.29759,0.06310361,7.934081885692972e-53,4.407823269829429e-51
PKM,-19.35122,0.11745306,1.99078385781188e-83,1.6589865481765663e-81
COL1A1,-22.616936,-2.128719,2.952851089710536e-113,3.6910638621381696e-111
S100A9,-25.37014,0.07659835,5.387953343007129e-142,8.979922238345217e-140
S100A9,25.37014,-0.07659835,5.387953343007129e-142,8.979922238345217e-140
